code,name,species,race,sex,date_of_birth,weight,weight_unit,count,lot,barn,room,type,status,last_event,estimated_value,withdrawal_until,withdrawal_kind,mother_id,father_id
ZA-VACHE-MA-01,Ferdinand,cow,,M,2025-12-16,,kg,1,Cheptel Zone A,Batiment Bovins Kiselele,Zone Kiselele,adulte,healthy,Etat de sante bon,600,,,,
ZA-VACHE-MA-02,Taurus,cow,,M,2025-12-16,,kg,1,Cheptel Zone A,Batiment Bovins Kiselele,Zone Kiselele,adulte,healthy,Etat de sante bon,600,,,,
ZA-VACHE-MA-03,Romeo,cow,,M,2025-12-16,,kg,1,Cheptel Zone A,Batiment Bovins Kiselele,Zone Kiselele,adulte,healthy,Etat de sante bon,600,,,,
ZA-VACHE-MA-04,Bouvier,cow,,M,2025-12-16,,kg,1,Cheptel Zone A,Batiment Bovins Kiselele,Zone Kiselele,adulte,healthy,Etat de sante bon,600,,,,
ZA-VACHE-FA-01,Bella,cow,,F,2025-12-16,,kg,1,Cheptel Zone A,Batiment Bovins Kiselele,Zone Kiselele,adulte,healthy,Etat de sante bon,600,,,,
ZA-VACHE-FA-02,Daisy,cow,,F,2025-12-16,,kg,1,Cheptel Zone A,Batiment Bovins Kiselele,Zone Kiselele,adulte,healthy,Etat de sante bon,600,,,,
ZA-VACHE-FA-03,Marguerite,cow,,F,2025-12-16,,kg,1,Cheptel Zone A,Batiment Bovins Kiselele,Zone Kiselele,adulte,healthy,Etat de sante bon,600,,,,
ZA-VACHE-FA-04,Etoile,cow,,F,2025-12-16,,kg,1,Cheptel Zone A,Batiment Bovins Kiselele,Zone Kiselele,adulte,healthy,Etat de sante bon,600,,,,
ZA-VACHE-FA-05,Princesse,cow,,F,2025-12-16,,kg,1,Cheptel Zone A,Batiment Bovins Kiselele,Zone Kiselele,adulte,healthy,Etat de sante bon,600,,,,
ZA-VACHE-FA-06,Fleur,cow,,F,2025-12-16,,kg,1,Cheptel Zone A,Batiment Bovins Kiselele,Zone Kiselele,adulte,healthy,Etat de sante bon,600,,,,
ZA-VACHE-FA-07,Caramel,cow,,F,2025-12-16,,kg,1,Cheptel Zone A,Batiment Bovins Kiselele,Zone Kiselele,adulte,healthy,Etat de sante bon,600,,,,
ZA-VACHE-FA-08,Noiraude,cow,,F,2025-12-16,,kg,1,Cheptel Zone A,Batiment Bovins Kiselele,Zone Kiselele,adulte,healthy,Etat de sante bon,600,,,,
ZA-VACHE-FA-09,Blanchette,cow,,F,2025-12-16,,kg,1,Cheptel Zone A,Batiment Bovins Kiselele,Zone Kiselele,adulte,healthy,Etat de sante bon,600,,,,
ZA-VACHE-FA-10,Lola,cow,,F,2025-12-16,,kg,1,Cheptel Zone A,Batiment Bovins Kiselele,Zone Kiselele,adulte,healthy,Etat de sante bon,600,,,,
ZA-VACHE-FA-11,Mimosa,cow,,F,2025-12-16,,kg,1,Cheptel Zone A,Batiment Bovins Kiselele,Zone Kiselele,adulte,healthy,Etat de sante bon,600,,,,
ZA-VACHE-FA-12,Pivoine,cow,,F,2025-12-16,,kg,1,Cheptel Zone A,Batiment Bovins Kiselele,Zone Kiselele,adulte,healthy,Etat de sante bon,600,,,,
ZA-VACHE-FA-13,Reinette,cow,,F,2025-12-16,,kg,1,Cheptel Zone A,Batiment Bovins Kiselele,Zone Kiselele,adulte,healthy,Etat de sante bon,600,,,,
ZA-VACHE-FA-14,Sultane,cow,,F,2025-12-16,,kg,1,Cheptel Zone A,Batiment Bovins Kiselele,Zone Kiselele,adulte,healthy,Etat de sante bon,600,,,,
ZA-VACHE-FA-15,Venus,cow,,F,2025-12-16,,kg,1,Cheptel Zone A,Batiment Bovins Kiselele,Zone Kiselele,adulte,healthy,Etat de sante bon,600,,,,
ZA-VACHE-FA-16,Aurore,cow,,F,2025-12-16,,kg,1,Cheptel Zone A,Batiment Bovins Kiselele,Zone Kiselele,adulte,healthy,Etat de sante bon,600,,,,
ZA-VACHE-FA-17,Gazelle,cow,,F,2025-12-16,,kg,1,Cheptel Zone A,Batiment Bovins Kiselele,Zone Kiselele,adulte,healthy,Etat de sante bon,600,,,,
ZA-VACHE-FA-18,Joconde,cow,,F,2025-12-16,,kg,1,Cheptel Zone A,Batiment Bovins Kiselele,Zone Kiselele,adulte,healthy,Etat de sante bon,600,,,,
ZA-VACHE-JM-01,Veau Eclair,cow,,M,2026-06-02,,kg,1,Cheptel Zone A,Batiment Bovins Kiselele,Zone Kiselele,jeune,healthy,Etat de sante bon,200,,,,
ZA-TRUIE-AD-01,Rosie,pig,,F,2025-12-16,,kg,1,Cheptel Zone A,Batiment Porcs Kiselele,Zone Kiselele,Truie,healthy,Truie,250,,,,
ZA-TRUIE-AD-02,Pinky,pig,,F,2025-12-16,,kg,1,Cheptel Zone A,Batiment Porcs Kiselele,Zone Kiselele,Truie,healthy,Truie,250,,,,
ZA-TRUIE-AD-03,Babette,pig,,F,2025-12-16,,kg,1,Cheptel Zone A,Batiment Porcs Kiselele,Zone Kiselele,Truie,healthy,Truie,250,,,,
ZA-TRUIE-AD-04,Truffe,pig,,F,2025-12-16,,kg,1,Cheptel Zone A,Batiment Porcs Kiselele,Zone Kiselele,Truie,healthy,Truie,250,,,,
ZA-TRUIE-AD-05,Saucisse,pig,,F,2025-12-16,,kg,1,Cheptel Zone A,Batiment Porcs Kiselele,Zone Kiselele,Truie,healthy,Truie,250,,,,
ZA-TRUIE-AD-06,Coquine,pig,,F,2025-12-16,,kg,1,Cheptel Zone A,Batiment Porcs Kiselele,Zone Kiselele,Truie,healthy,Truie,250,,,,
ZA-TRUIE-AD-07,Praline,pig,,F,2025-12-16,,kg,1,Cheptel Zone A,Batiment Porcs Kiselele,Zone Kiselele,Truie,healthy,Truie,250,,,,
ZA-TRUIE-AD-08,Boudine,pig,,F,2025-12-16,,kg,1,Cheptel Zone A,Batiment Porcs Kiselele,Zone Kiselele,Truie,healthy,Truie,250,,,,
ZA-TRUIE-AD-09,Rilette,pig,,F,2025-12-16,,kg,1,Cheptel Zone A,Batiment Porcs Kiselele,Zone Kiselele,Truie,healthy,Truie,250,,,,
ZA-TRUIE-AD-10,Margot,pig,,F,2025-12-16,,kg,1,Cheptel Zone A,Batiment Porcs Kiselele,Zone Kiselele,Truie,healthy,Truie,250,,,,
ZA-TRUIE-AD-11,Choupette,pig,,F,2025-12-16,,kg,1,Cheptel Zone A,Batiment Porcs Kiselele,Zone Kiselele,Truie,healthy,Truie,250,,,,
ZA-TRUIE-AD-12,Berthe,pig,,F,2025-12-16,,kg,1,Cheptel Zone A,Batiment Porcs Kiselele,Zone Kiselele,Truie,healthy,Truie,250,,,,
ZA-TRUIE-AD-13,Gertrude,pig,,F,2025-12-16,,kg,1,Cheptel Zone A,Batiment Porcs Kiselele,Zone Kiselele,Truie,healthy,Truie,250,,,,
ZA-TRUIE-JE-01,Henriette,pig,,F,2026-06-04,,kg,1,Cheptel Zone A,Batiment Porcs Kiselele,Zone Kiselele,Cochette,healthy,Truie,250,,,,
ZA-TRUIE-JE-02,Josette,pig,,F,2026-06-06,,kg,1,Cheptel Zone A,Batiment Porcs Kiselele,Zone Kiselele,Cochette,healthy,Truie,250,,,,
ZA-TRUIE-JE-03,Lucette,pig,,F,2026-06-08,,kg,1,Cheptel Zone A,Batiment Porcs Kiselele,Zone Kiselele,Cochette,healthy,Truie,250,,,,
ZA-TRUIE-JE-04,Ninon,pig,,F,2026-06-10,,kg,1,Cheptel Zone A,Batiment Porcs Kiselele,Zone Kiselele,Cochette,healthy,Truie,250,,,,
ZA-TRUIE-JE-05,Odette,pig,,F,2026-06-12,,kg,1,Cheptel Zone A,Batiment Porcs Kiselele,Zone Kiselele,Cochette,healthy,Truie,250,,,,
ZA-TRUIE-JE-06,Paulette,pig,,F,2026-06-14,,kg,1,Cheptel Zone A,Batiment Porcs Kiselele,Zone Kiselele,Cochette,healthy,Truie,250,,,,
ZA-TRUIE-JE-07,Quiche,pig,,F,2026-06-16,,kg,1,Cheptel Zone A,Batiment Porcs Kiselele,Zone Kiselele,Cochette,healthy,Truie,250,,,,
ZA-TRUIE-JE-08,Roberte,pig,,F,2026-06-02,,kg,1,Cheptel Zone A,Batiment Porcs Kiselele,Zone Kiselele,Cochette,healthy,Truie,250,,,,
ZA-TRUIE-JE-09,Suzon,pig,,F,2026-06-04,,kg,1,Cheptel Zone A,Batiment Porcs Kiselele,Zone Kiselele,Cochette,healthy,Truie,250,,,,
ZA-TRUIE-JE-10,Toinette,pig,,F,2026-06-06,,kg,1,Cheptel Zone A,Batiment Porcs Kiselele,Zone Kiselele,Cochette,healthy,Truie,250,,,,
ZA-TRUIE-JE-11,Ursule,pig,,F,2026-06-08,,kg,1,Cheptel Zone A,Batiment Porcs Kiselele,Zone Kiselele,Cochette,healthy,Truie,250,,,,
ZA-TRUIE-JE-12,Violette,pig,,F,2026-06-10,,kg,1,Cheptel Zone A,Batiment Porcs Kiselele,Zone Kiselele,Cochette,healthy,Truie,250,,,,
ZA-TRUIE-JE-13,Wanda,pig,,F,2026-06-12,,kg,1,Cheptel Zone A,Batiment Porcs Kiselele,Zone Kiselele,Cochette,healthy,Truie,250,,,,
ZA-TRUIE-JE-14,Yvette,pig,,F,2026-06-14,,kg,1,Cheptel Zone A,Batiment Porcs Kiselele,Zone Kiselele,Cochette,healthy,Truie,250,,,,
ZA-TRUIE-JE-15,Zoe,pig,,F,2026-06-16,,kg,1,Cheptel Zone A,Batiment Porcs Kiselele,Zone Kiselele,Cochette,healthy,Truie,250,,,,
ZA-TRUIE-JE-16,Adele,pig,,F,2026-06-02,,kg,1,Cheptel Zone A,Batiment Porcs Kiselele,Zone Kiselele,Cochette,healthy,Truie,250,,,,
ZA-TRUIE-JE-17,Brigitte,pig,,F,2026-06-04,,kg,1,Cheptel Zone A,Batiment Porcs Kiselele,Zone Kiselele,Cochette,healthy,Truie,250,,,,
ZA-TRUIE-JE-18,Colette,pig,,F,2026-06-06,,kg,1,Cheptel Zone A,Batiment Porcs Kiselele,Zone Kiselele,Cochette,healthy,Truie,250,,,,
ZA-TRUIE-JE-19,Denise,pig,,F,2026-06-08,,kg,1,Cheptel Zone A,Batiment Porcs Kiselele,Zone Kiselele,Cochette,healthy,Truie,250,,,,
ZA-TRUIE-JE-20,Eugenie,pig,,F,2026-06-10,,kg,1,Cheptel Zone A,Batiment Porcs Kiselele,Zone Kiselele,Cochette,healthy,Truie,250,,,,
ZA-TRUIE-JE-21,Fanny,pig,,F,2026-06-12,,kg,1,Cheptel Zone A,Batiment Porcs Kiselele,Zone Kiselele,Cochette,healthy,Truie,250,,,,
ZA-TRUIE-JE-22,Ginette,pig,,F,2026-06-14,,kg,1,Cheptel Zone A,Batiment Porcs Kiselele,Zone Kiselele,Cochette,healthy,Truie,250,,,,
ZA-TRUIE-JE-23,Huguette,pig,,F,2026-06-16,,kg,1,Cheptel Zone A,Batiment Porcs Kiselele,Zone Kiselele,Cochette,healthy,Truie,250,,,,
ZA-TRUIE-JE-24,Irene,pig,,F,2026-06-02,,kg,1,Cheptel Zone A,Batiment Porcs Kiselele,Zone Kiselele,Cochette,healthy,Truie,250,,,,
ZA-TRUIE-JE-25,Jeanne,pig,,F,2026-06-04,,kg,1,Cheptel Zone A,Batiment Porcs Kiselele,Zone Kiselele,Cochette,healthy,Truie,250,,,,
ZA-TRUIE-JE-26,Karine,pig,,F,2026-06-06,,kg,1,Cheptel Zone A,Batiment Porcs Kiselele,Zone Kiselele,Cochette,healthy,Truie,250,,,,
ZA-TRUIE-JE-27,Louise,pig,,F,2026-06-08,,kg,1,Cheptel Zone A,Batiment Porcs Kiselele,Zone Kiselele,Cochette,healthy,Truie,250,,,,
ZA-TRUIE-JE-28,Manon,pig,,F,2026-06-10,,kg,1,Cheptel Zone A,Batiment Porcs Kiselele,Zone Kiselele,Cochette,healthy,Truie,250,,,,
ZA-TRUIE-JE-29,Nadine,pig,,F,2026-06-12,,kg,1,Cheptel Zone A,Batiment Porcs Kiselele,Zone Kiselele,Cochette,healthy,Truie,250,,,,
ZA-TRUIE-JE-30,Ophelie,pig,,F,2026-06-14,,kg,1,Cheptel Zone A,Batiment Porcs Kiselele,Zone Kiselele,Cochette,healthy,Truie,250,,,,
ZA-TRUIE-JE-31,Pierrette,pig,,F,2026-06-16,,kg,1,Cheptel Zone A,Batiment Porcs Kiselele,Zone Kiselele,Cochette,healthy,Truie,250,,,,
ZA-TRUIE-JE-32,Rachel,pig,,F,2026-06-02,,kg,1,Cheptel Zone A,Batiment Porcs Kiselele,Zone Kiselele,Cochette,healthy,Truie,250,,,,
ZA-TRUIE-MO-01,Sylvie,pig,,F,2026-03-16,,kg,1,Cheptel Zone A,Batiment Porcs Kiselele,Zone Kiselele,Truie,healthy,Truie,250,,,,
ZA-TRUIE-MO-02,Therese,pig,,F,2026-03-16,,kg,1,Cheptel Zone A,Batiment Porcs Kiselele,Zone Kiselele,Truie,healthy,Truie,250,,,,
ZA-TRUIE-MO-03,Valerie,pig,,F,2026-03-16,,kg,1,Cheptel Zone A,Batiment Porcs Kiselele,Zone Kiselele,Truie,healthy,Truie,250,,,,
ZA-TRUIE-MO-04,Yolande,pig,,F,2026-03-16,,kg,1,Cheptel Zone A,Batiment Porcs Kiselele,Zone Kiselele,Truie,healthy,Truie,250,,,,
ZA-TRUIE-MO-05,Anais,pig,,F,2026-03-16,,kg,1,Cheptel Zone A,Batiment Porcs Kiselele,Zone Kiselele,Truie,healthy,Truie,250,,,,
ZA-TRUIE-MO-06,Beatrice,pig,,F,2026-03-16,,kg,1,Cheptel Zone A,Batiment Porcs Kiselele,Zone Kiselele,Truie,healthy,Truie,250,,,,
ZA-TRUIE-MO-07,Celine,pig,,F,2026-03-16,,kg,1,Cheptel Zone A,Batiment Porcs Kiselele,Zone Kiselele,Truie,healthy,Truie,250,,,,
ZA-VERRAT-01,Hercule,pig,,M,2025-12-16,,kg,1,Cheptel Zone A,Batiment Porcs Kiselele,Zone Kiselele,Verrat,healthy,Verrat reproducteur,300,,,,
ZA-VERRAT-02,Atlas,pig,,M,2025-12-16,,kg,1,Cheptel Zone A,Batiment Porcs Kiselele,Zone Kiselele,Verrat,healthy,Verrat reproducteur,300,,,,
ZA-VERRAT-03,Goliath,pig,,M,2025-12-16,,kg,1,Cheptel Zone A,Batiment Porcs Kiselele,Zone Kiselele,Verrat,healthy,Verrat reproducteur,300,,,,
ZA-VERRAT-04,Tonnerre,pig,,M,2025-12-16,,kg,1,Cheptel Zone A,Batiment Porcs Kiselele,Zone Kiselele,Verrat,healthy,Verrat reproducteur,300,,,,
ZA-PORC-LOT-MOY-M,Lot porcs males moyens ZA,pig,,M,2026-03-16,,kg,8,Cheptel Zone A,Batiment Porcs Kiselele,Zone Kiselele,Engraissement,healthy,Porcs males moyens (lot),1200,,,,
ZA-PORC-LOT-JE-M,Lot porcs males jeunes ZA,pig,,M,2026-06-04,,kg,15,Cheptel Zone A,Batiment Porcs Kiselele,Zone Kiselele,Porcelet,healthy,Porcs males jeunes (lot),900,,,,
ZB-TRUIE-AD-01,Diane,pig,,F,2025-12-16,,kg,1,Cheptel Zone B,Batiment Porcs Kasangulu,Zone Kasangulu,Truie,sick,Truie - infection (plaies),250,2026-07-07,sale,,
ZB-TRUIE-AD-02,Estelle,pig,,F,2025-12-16,,kg,1,Cheptel Zone B,Batiment Porcs Kasangulu,Zone Kasangulu,Truie,sick,Truie - infection (plaies),250,2026-07-07,sale,,
ZB-TRUIE-AD-03,Fabienne,pig,,F,2025-12-16,,kg,1,Cheptel Zone B,Batiment Porcs Kasangulu,Zone Kasangulu,Truie,sick,Truie - infection (plaies),250,2026-07-07,sale,,
ZB-TRUIE-AD-04,Gisele,pig,,F,2025-12-16,,kg,1,Cheptel Zone B,Batiment Porcs Kasangulu,Zone Kasangulu,Truie,sick,Truie - infection (plaies),250,2026-07-07,sale,,
ZB-TRUIE-AD-05,Helene,pig,,F,2025-12-16,,kg,1,Cheptel Zone B,Batiment Porcs Kasangulu,Zone Kasangulu,Truie,sick,Truie - infection (plaies),250,2026-07-07,sale,,
ZB-TRUIE-AD-06,Inge,pig,,F,2025-12-16,,kg,1,Cheptel Zone B,Batiment Porcs Kasangulu,Zone Kasangulu,Truie,sick,Truie - infection (plaies),250,2026-07-07,sale,,
ZB-TRUIE-AD-07,Jade,pig,,F,2025-12-16,,kg,1,Cheptel Zone B,Batiment Porcs Kasangulu,Zone Kasangulu,Truie,sick,Truie - infection (plaies),250,2026-07-07,sale,,
ZB-TRUIE-AD-08,Katia,pig,,F,2025-12-16,,kg,1,Cheptel Zone B,Batiment Porcs Kasangulu,Zone Kasangulu,Truie,sick,Truie - infection (plaies),250,2026-07-07,sale,,
ZB-TRUIE-AD-09,Lea,pig,,F,2025-12-16,,kg,1,Cheptel Zone B,Batiment Porcs Kasangulu,Zone Kasangulu,Truie,sick,Truie - infection (plaies),250,2026-07-07,sale,,
ZB-TRUIE-AD-10,Maud,pig,,F,2025-12-16,,kg,1,Cheptel Zone B,Batiment Porcs Kasangulu,Zone Kasangulu,Truie,sick,Truie - infection (plaies),250,2026-07-07,sale,,
ZB-TRUIE-JE-01,Nora,pig,,F,2026-06-06,,kg,1,Cheptel Zone B,Batiment Porcs Kasangulu,Zone Kasangulu,Cochette,sick,Truie - infection (plaies),250,2026-07-07,sale,,
ZB-TRUIE-JE-02,Oceane,pig,,F,2026-06-08,,kg,1,Cheptel Zone B,Batiment Porcs Kasangulu,Zone Kasangulu,Cochette,sick,Truie - infection (plaies),250,2026-07-07,sale,,
ZB-TRUIE-JE-03,Paule,pig,,F,2026-06-10,,kg,1,Cheptel Zone B,Batiment Porcs Kasangulu,Zone Kasangulu,Cochette,sick,Truie - infection (plaies),250,2026-07-07,sale,,
ZB-TRUIE-JE-04,Rosine,pig,,F,2026-06-12,,kg,1,Cheptel Zone B,Batiment Porcs Kasangulu,Zone Kasangulu,Cochette,sick,Truie - infection (plaies),250,2026-07-07,sale,,
ZB-TRUIE-JE-05,Sara,pig,,F,2026-06-14,,kg,1,Cheptel Zone B,Batiment Porcs Kasangulu,Zone Kasangulu,Cochette,sick,Truie - infection (plaies),250,2026-07-07,sale,,
ZB-TRUIE-JE-06,Tess,pig,,F,2026-06-16,,kg,1,Cheptel Zone B,Batiment Porcs Kasangulu,Zone Kasangulu,Cochette,sick,Truie - infection (plaies),250,2026-07-07,sale,,
ZB-TRUIE-JE-07,Ulla,pig,,F,2026-06-02,,kg,1,Cheptel Zone B,Batiment Porcs Kasangulu,Zone Kasangulu,Cochette,sick,Truie - infection (plaies),250,2026-07-07,sale,,
ZB-TRUIE-JE-08,Vera,pig,,F,2026-06-04,,kg,1,Cheptel Zone B,Batiment Porcs Kasangulu,Zone Kasangulu,Cochette,sick,Truie - infection (plaies),250,2026-07-07,sale,,
ZB-TRUIE-JE-09,Wilma,pig,,F,2026-06-06,,kg,1,Cheptel Zone B,Batiment Porcs Kasangulu,Zone Kasangulu,Cochette,sick,Truie - infection (plaies),250,2026-07-07,sale,,
ZB-TRUIE-JE-10,Xena,pig,,F,2026-06-08,,kg,1,Cheptel Zone B,Batiment Porcs Kasangulu,Zone Kasangulu,Cochette,sick,Truie - infection (plaies),250,2026-07-07,sale,,
ZB-TRUIE-JE-11,Ysoline,pig,,F,2026-06-10,,kg,1,Cheptel Zone B,Batiment Porcs Kasangulu,Zone Kasangulu,Cochette,sick,Truie - infection (plaies),250,2026-07-07,sale,,
ZB-TRUIE-JE-12,Zita,pig,,F,2026-06-12,,kg,1,Cheptel Zone B,Batiment Porcs Kasangulu,Zone Kasangulu,Cochette,sick,Truie - infection (plaies),250,2026-07-07,sale,,
ZB-TRUIE-JE-13,Amelie,pig,,F,2026-06-14,,kg,1,Cheptel Zone B,Batiment Porcs Kasangulu,Zone Kasangulu,Cochette,sick,Truie - infection (plaies),250,2026-07-07,sale,,
ZB-TRUIE-JE-14,Blanche,pig,,F,2026-06-16,,kg,1,Cheptel Zone B,Batiment Porcs Kasangulu,Zone Kasangulu,Cochette,sick,Truie - infection (plaies),250,2026-07-07,sale,,
ZB-TRUIE-JE-15,Cerise,pig,,F,2026-06-02,,kg,1,Cheptel Zone B,Batiment Porcs Kasangulu,Zone Kasangulu,Cochette,sick,Truie - infection (plaies),250,2026-07-07,sale,,
ZB-TRUIE-MO-01,Dora,pig,,F,2026-03-16,,kg,1,Cheptel Zone B,Batiment Porcs Kasangulu,Zone Kasangulu,Truie,sick,Truie - infection (plaies),250,2026-07-07,sale,,
ZB-TRUIE-MO-02,Eliane,pig,,F,2026-03-16,,kg,1,Cheptel Zone B,Batiment Porcs Kasangulu,Zone Kasangulu,Truie,sick,Truie - infection (plaies),250,2026-07-07,sale,,
ZB-TRUIE-MO-03,Fauvette,pig,,F,2026-03-16,,kg,1,Cheptel Zone B,Batiment Porcs Kasangulu,Zone Kasangulu,Truie,sick,Truie - infection (plaies),250,2026-07-07,sale,,
ZB-TRUIE-MO-04,Gaby,pig,,F,2026-03-16,,kg,1,Cheptel Zone B,Batiment Porcs Kasangulu,Zone Kasangulu,Truie,sick,Truie - infection (plaies),250,2026-07-07,sale,,
ZB-TRUIE-MO-05,Hilda,pig,,F,2026-03-16,,kg,1,Cheptel Zone B,Batiment Porcs Kasangulu,Zone Kasangulu,Truie,sick,Truie - infection (plaies),250,2026-07-07,sale,,
ZB-TRUIE-MO-06,Iris,pig,,F,2026-03-16,,kg,1,Cheptel Zone B,Batiment Porcs Kasangulu,Zone Kasangulu,Truie,sick,Truie - infection (plaies),250,2026-07-07,sale,,
ZB-TRUIE-MO-07,Juliette,pig,,F,2026-03-16,,kg,1,Cheptel Zone B,Batiment Porcs Kasangulu,Zone Kasangulu,Truie,sick,Truie - infection (plaies),250,2026-07-07,sale,,
ZB-TRUIE-MO-08,Kenza,pig,,F,2026-03-16,,kg,1,Cheptel Zone B,Batiment Porcs Kasangulu,Zone Kasangulu,Truie,sick,Truie - infection (plaies),250,2026-07-07,sale,,
ZB-TRUIE-MO-09,Lila,pig,,F,2026-03-16,,kg,1,Cheptel Zone B,Batiment Porcs Kasangulu,Zone Kasangulu,Truie,sick,Truie - infection (plaies),250,2026-07-07,sale,,
ZB-TRUIE-MO-10,Mona,pig,,F,2026-03-16,,kg,1,Cheptel Zone B,Batiment Porcs Kasangulu,Zone Kasangulu,Truie,sick,Truie - infection (plaies),250,2026-07-07,sale,,
ZB-TRUIE-MO-11,Nelly,pig,,F,2026-03-16,,kg,1,Cheptel Zone B,Batiment Porcs Kasangulu,Zone Kasangulu,Truie,sick,Truie - infection (plaies),250,2026-07-07,sale,,
ZB-VERRAT-01,Caesar,pig,,M,2025-12-16,,kg,1,Cheptel Zone B,Batiment Porcs Kasangulu,Zone Kasangulu,Verrat,sick,Verrat reproducteur,300,2026-07-07,sale,,
ZB-VERRAT-02,Brutus,pig,,M,2025-12-16,,kg,1,Cheptel Zone B,Batiment Porcs Kasangulu,Zone Kasangulu,Verrat,sick,Verrat reproducteur,300,2026-07-07,sale,,
ZB-VERRAT-03,Zeus,pig,,M,2025-12-16,,kg,1,Cheptel Zone B,Batiment Porcs Kasangulu,Zone Kasangulu,Verrat,sick,Verrat reproducteur,300,2026-07-07,sale,,
ZB-PORC-LOT-MOY-M,Lot porcs males moyens ZB,pig,,M,2026-03-16,,kg,20,Cheptel Zone B,Batiment Porcs Kasangulu,Zone Kasangulu,Engraissement,sick,Porcs males moyens (lot),3000,2026-07-07,sale,,
ZB-PORC-LOT-JE-M,Lot porcs males jeunes ZB,pig,,M,2026-06-04,,kg,11,Cheptel Zone B,Batiment Porcs Kasangulu,Zone Kasangulu,Porcelet,sick,Porcs males jeunes (lot),660,2026-07-07,sale,,
ZB-CHEVRE-TOTAL,Lot caprins ZB,goat,,,,,kg,45,Cheptel Zone B,Batiment Caprins Kasangulu,Zone Kasangulu,total,sick,Etat de sante pas tres bon,3600,2026-07-07,sale,,
POULE-BAT1,Lot pondeuses Bat 1,chicken,,F,,,kg,1700,Poulailler 1,Poulailler 1,Zone Kasangulu,pondeuse,healthy,1700 poules - batiment 1,13600,,,,
POULE-BAT2-M,Lot coqs Bat 2,chicken,,M,,,kg,7,Poulailler 2,Poulailler 2,Zone Kasangulu,pondeuse,healthy,Batiment 2: 7 males,56,,,,
POULE-BAT2-F,Lot poules Bat 2,chicken,,F,,,kg,13,Poulailler 2,Poulailler 2,Zone Kasangulu,pondeuse,healthy,Batiment 2: 13 femelles,104,,,,
